"","species_name","genus","tribe","haplochromine","water_system","lm_ecology","mouthbrooder","depth","piscivore"
"Divandu albimarginatus","Divandu albimarginatus","Divandu","Chromidotilapiini","Other","Riverine","not_applicable","maternal_mouthbrooder","pelagic","non-piscivore"
"Parananochromis caudifasciatus","Parananochromis caudifasciatus","Parananochromis","Chromidotilapiini","Other","Riverine","not_applicable","substrate_brooder","demersal","non-piscivore"
"Chromidotilapia kingsleyae","Chromidotilapia kingsleyae","Chromidotilapia","Chromidotilapiini","Other","Riverine","not_applicable","maternal_mouthbrooder","benthopelagic","non-piscivore"
"Teleogramma brichardi","Teleogramma brichardi","Teleogramma","Chromidotilapiini","Other","Riverine","not_applicable","substrate_brooder","demersal","non-piscivore"
"Teleogramma depressum","Teleogramma depressum","Teleogramma","Chromidotilapiini","Other","Riverine","not_applicable","substrate_brooder","demersal","non-piscivore"
"Teleogramma gracile","Teleogramma gracile","Teleogramma","Chromidotilapiini","Other","Riverine","not_applicable","substrate_brooder","demersal","non-piscivore"
"Teleogramma monogramma","Teleogramma monogramma","Teleogramma","Chromidotilapiini","Other","Riverine","not_applicable","substrate_brooder","demersal","non-piscivore"
"Teleogramma obamaorum","Teleogramma obamaorum","Teleogramma","Chromidotilapiini","Other","Riverine","not_applicable","substrate_brooder","demersal","non-piscivore"
"Limbochromis robertsi","Limbochromis robertsi","Limbochromis","Chromidotilapiini","Other","Riverine","not_applicable","biparental_mouthbrooder","demersal","non-piscivore"
"Nanochromis parilus","Nanochromis parilus","Nanochromis","Chromidotilapiini","Other","Riverine","not_applicable","substrate_brooder","demersal","non-piscivore"
"Nanochromis nudiceps","Nanochromis nudiceps","Nanochromis","Chromidotilapiini","Other","Riverine","not_applicable","substrate_brooder","demersal","non-piscivore"
"Nanochromis consortus","Nanochromis consortus","Nanochromis","Chromidotilapiini","Other","Riverine","not_applicable","substrate_brooder","demersal","non-piscivore"
"Nanochromis splendens","Nanochromis splendens","Nanochromis","Chromidotilapiini","Other","Riverine","not_applicable","substrate_brooder","demersal","non-piscivore"
"Nanochromis transvestitus","Nanochromis transvestitus","Nanochromis","Chromidotilapiini","Other","Riverine","not_applicable","substrate_brooder","demersal","non-piscivore"
"Nanochromis wickleri","Nanochromis wickleri","Nanochromis","Chromidotilapiini","Other","Riverine","not_applicable","substrate_brooder","demersal","non-piscivore"
"Congochromis squamiceps","Congochromis squamiceps","Congochromis","Chromidotilapiini","Other","Riverine","not_applicable","substrate_brooder","demersal","non-piscivore"
"Chromidotilapia cavalliensis","Chromidotilapia cavalliensis","Chromidotilapia","Chromidotilapiini","Other","Riverine","not_applicable","paternal_mouthbrooder","demersal","non-piscivore"
"Chromidotilapia guntheri","Chromidotilapia guntheri","Chromidotilapia","Chromidotilapiini","Other","Riverine","not_applicable","paternal_mouthbrooder","benthopelagic","non-piscivore"
"Benitochromis batesii","Benitochromis batesii","Benitochromis","Chromidotilapiini","Other","Riverine","not_applicable","maternal_mouthbrooder","benthopelagic","non-piscivore"
"Pelvicachromis pulcher","Pelvicachromis pulcher","Pelvicachromis","Chromidotilapiini","Other","Riverine","not_applicable","substrate_brooder","demersal","non-piscivore"
"Pelvicachromis taeniatus","Pelvicachromis taeniatus","Pelvicachromis","Chromidotilapiini","Other","Riverine","not_applicable","substrate_brooder","demersal","non-piscivore"
"Pelvicachromis roloffi","Pelvicachromis roloffi","Pelvicachromis","Chromidotilapiini","Other","Riverine","not_applicable","substrate_brooder","benthopelagic","non-piscivore"
"Hemichromis letourneuxi","Hemichromis letourneuxi","Hemichromis","Hemichromini","Other","Riverine","not_applicable","substrate_brooder","benthopelagic","non-piscivore"
"Anomalochromis thomasi","Anomalochromis thomasi","Anomalochromis","Hemichromini","Other","Riverine","not_applicable","substrate_brooder","benthopelagic","non-piscivore"
"Pelmatochromis nigrofasciatus","Pelmatochromis nigrofasciatus","Pelmatochromis","Pelmatochromini","Other","Riverine","not_applicable","substrate_brooder","demersal","non-piscivore"
"Pelmatochromis buettikoferi","Pelmatochromis buettikoferi","Pelmatochromis","Pelmatochromini","Other","Riverine","not_applicable","substrate_brooder","demersal","non-piscivore"
"Coptodon zillii","Coptodon zillii","Coptodon","Coptodonini","Other","Riverine","not_applicable","substrate_brooder","benthopelagic","non-piscivore"
"Coptodon guineensis","Coptodon guineensis","Coptodon","Coptodonini","Other","Riverine","not_applicable","substrate_brooder","benthopelagic","non-piscivore"
"Coptodon discolor","Coptodon discolor","Coptodon","Coptodonini","Other","Riverine","not_applicable","substrate_brooder","demersal","non-piscivore"
"Coptodon dageti","Coptodon dageti","Coptodon","Coptodonini","Other","Riverine","not_applicable","substrate_brooder","demersal","non-piscivore"
"Coptodon tholloni","Coptodon tholloni","Coptodon","Coptodonini","Other","Riverine","not_applicable","substrate_brooder","benthopelagic","non-piscivore"
"Coptodon rendalli","Coptodon rendalli","Coptodon","Coptodonini","Other","Riverine","not_applicable","substrate_brooder","benthopelagic","non-piscivore"
"Benthochromis horii","Benthochromis horii","Benthochromis","Benthochromini","Other","Lake Tanganyika","not_applicable","maternal_mouthbrooder","pelagic","non-piscivore"
"Benthochromis melanoides","Benthochromis melanoides","Benthochromis","Benthochromini","Other","Lake Tanganyika","not_applicable","maternal_mouthbrooder","pelagic","non-piscivore"
"Benthochromis tricoti","Benthochromis tricoti","Benthochromis","Benthochromini","Other","Lake Tanganyika","not_applicable","maternal_mouthbrooder","pelagic","non-piscivore"
"Xenochromis hecqui","Xenochromis hecqui","Xenochromis","Perissodini","Other","Lake Tanganyika","not_applicable","data_deficient","pelagic","piscivore"
"Plecodus straeleni","Plecodus straeleni","Plecodus","Perissodini","Other","Lake Tanganyika","not_applicable","biparental_mouthbrooder","demersal","piscivore"
"Perissodus microlepis","Perissodus microlepis","Perissodus","Perissodini","Other","Lake Tanganyika","not_applicable","maternal_mouthbrooder","pelagic","piscivore"
"Perissodus eccentricus","Perissodus eccentricus","Perissodus","Perissodini","Other","Lake Tanganyika","not_applicable","maternal_mouthbrooder","pelagic","piscivore"
"Plecodus multidentatus","Plecodus multidentatus","Plecodus","Perissodini","Other","Lake Tanganyika","not_applicable","biparental_mouthbrooder","demersal","piscivore"
"Plecodus elaviae","Plecodus elaviae","Plecodus","Perissodini","Other","Lake Tanganyika","not_applicable","biparental_mouthbrooder","demersal","piscivore"
"Plecodus paradoxus","Plecodus paradoxus","Plecodus","Perissodini","Other","Lake Tanganyika","not_applicable","biparental_mouthbrooder","demersal","piscivore"
"Haplotaxodon microlepis","Haplotaxodon microlepis","Haplotaxodon","Perissodini","Other","Lake Tanganyika","not_applicable","biparental_mouthbrooder","pelagic","non-piscivore"
"Cyprichromis zonatus","Cyprichromis zonatus","Cyprichromis","Cyprichromini","Other","Lake Tanganyika","not_applicable","maternal_mouthbrooder","demersal","non-piscivore"
"Cyprichromis pavo","Cyprichromis pavo","Cyprichromis","Cyprichromini","Other","Lake Tanganyika","not_applicable","maternal_mouthbrooder","demersal","non-piscivore"
"Cyprichromis coloratus","Cyprichromis coloratus","Cyprichromis","Cyprichromini","Other","Lake Tanganyika","not_applicable","maternal_mouthbrooder","pelagic","non-piscivore"
"Cyprichromis leptosoma","Cyprichromis leptosoma","Cyprichromis","Cyprichromini","Other","Lake Tanganyika","not_applicable","maternal_mouthbrooder","benthopelagic","non-piscivore"
"Cyprichromis microlepidotus","Cyprichromis microlepidotus","Cyprichromis","Cyprichromini","Other","Lake Tanganyika","not_applicable","maternal_mouthbrooder","pelagic","non-piscivore"
"Paracyprichromis brieni","Paracyprichromis brieni","Paracyprichromis","Cyprichromini","Other","Lake Tanganyika","not_applicable","maternal_mouthbrooder","pelagic","non-piscivore"
"Paracyprichromis nigripinnis","Paracyprichromis nigripinnis","Paracyprichromis","Cyprichromini","Other","Lake Tanganyika","not_applicable","maternal_mouthbrooder","benthopelagic","non-piscivore"
"Callochromis pleurospilus","Callochromis pleurospilus","Callochromis","Ectodini","Other","Lake Tanganyika","not_applicable","maternal_mouthbrooder","benthopelagic","non-piscivore"
"Callochromis melanostigma","Callochromis melanostigma","Callochromis","Ectodini","Other","Lake Tanganyika","not_applicable","maternal_mouthbrooder","benthopelagic","non-piscivore"
"Callochromis macrops","Callochromis macrops","Callochromis","Ectodini","Other","Lake Tanganyika","not_applicable","maternal_mouthbrooder","benthopelagic","non-piscivore"
"Ectodus descampsii","Ectodus descampsii","Ectodus","Ectodini","Other","Lake Tanganyika","not_applicable","maternal_mouthbrooder","benthopelagic","non-piscivore"
"Cunningtonia longiventralis","Cunningtonia longiventralis","Cunningtonia","Ectodini","Other","Lake Tanganyika","not_applicable","data_deficient","benthopelagic","non-piscivore"
"Aulonocranus dewindti","Aulonocranus dewindti","Aulonocranus","Ectodini","Other","Lake Tanganyika","not_applicable","maternal_mouthbrooder","benthopelagic","non-piscivore"
"Lestradea perspicax","Lestradea perspicax","Lestradea","Ectodini","Other","Lake Tanganyika","not_applicable","maternal_mouthbrooder","pelagic","non-piscivore"
"Cardiopharynx schoutedeni","Cardiopharynx schoutedeni","Cardiopharynx","Ectodini","Other","Lake Tanganyika","not_applicable","data_deficient","pelagic","non-piscivore"
"Ophthalmotilapia heterodonta","Ophthalmotilapia heterodonta","Ophthalmotilapia","Ectodini","Other","Lake Tanganyika","not_applicable","maternal_mouthbrooder","demersal","non-piscivore"
"Ophthalmotilapia ventralis","Ophthalmotilapia ventralis","Ophthalmotilapia","Ectodini","Other","Lake Tanganyika","not_applicable","maternal_mouthbrooder","benthopelagic","non-piscivore"
"Ophthalmotilapia nasuta","Ophthalmotilapia nasuta","Ophthalmotilapia","Ectodini","Other","Lake Tanganyika","not_applicable","maternal_mouthbrooder","benthopelagic","non-piscivore"
"Ophthalmotilapia boops","Ophthalmotilapia boops","Ophthalmotilapia","Ectodini","Other","Lake Tanganyika","not_applicable","maternal_mouthbrooder","demersal","non-piscivore"
"Cyathopharynx furcifer","Cyathopharynx furcifer","Cyathopharynx","Ectodini","Other","Lake Tanganyika","not_applicable","maternal_mouthbrooder","benthopelagic","non-piscivore"
"Xenotilapia papilio","Xenotilapia papilio","Xenotilapia","Ectodini","Other","Lake Tanganyika","not_applicable","biparental_mouthbrooder","demersal","non-piscivore"
"Xenotilapia boulengeri","Xenotilapia boulengeri","Xenotilapia","Ectodini","Other","Lake Tanganyika","not_applicable","biparental_mouthbrooder","demersal","non-piscivore"
"Xenotilapia sima","Xenotilapia sima","Xenotilapia","Ectodini","Other","Lake Tanganyika","not_applicable","maternal_mouthbrooder","demersal","non-piscivore"
"Enantiopus melanogenys","Enantiopus melanogenys","Enantiopus","Ectodini","Other","Lake Tanganyika","not_applicable","maternal_mouthbrooder","demersal","non-piscivore"
"Xenotilapia flavipinnis","Xenotilapia flavipinnis","Xenotilapia","Ectodini","Other","Lake Tanganyika","not_applicable","biparental_mouthbrooder","demersal","non-piscivore"
"Xenotilapia ochrogenys","Xenotilapia ochrogenys","Xenotilapia","Ectodini","Other","Lake Tanganyika","not_applicable","maternal_mouthbrooder","demersal","non-piscivore"
"Xenotilapia singularis","Xenotilapia singularis","Xenotilapia","Ectodini","Other","Lake Tanganyika","not_applicable","maternal_mouthbrooder","demersal","non-piscivore"
"Xenotilapia leptura","Xenotilapia leptura","Xenotilapia","Ectodini","Other","Lake Tanganyika","not_applicable","biparental_mouthbrooder","demersal","non-piscivore"
"Xenotilapia nigrolabiata","Xenotilapia nigrolabiata","Xenotilapia","Ectodini","Other","Lake Tanganyika","not_applicable","maternal_mouthbrooder","demersal","non-piscivore"
"Xenotilapia ornatipinnis","Xenotilapia ornatipinnis","Xenotilapia","Ectodini","Other","Lake Tanganyika","not_applicable","maternal_mouthbrooder","demersal","non-piscivore"
"Xenotilapia nasus","Xenotilapia nasus","Xenotilapia","Ectodini","Other","Lake Tanganyika","not_applicable","data_deficient","demersal","non-piscivore"
"Xenotilapia caudafasciata","Xenotilapia caudafasciata","Xenotilapia","Ectodini","Other","Lake Tanganyika","not_applicable","maternal_mouthbrooder","demersal","non-piscivore"
"Xenotilapia longispinis","Xenotilapia longispinis","Xenotilapia","Ectodini","Other","Lake Tanganyika","not_applicable","biparental_mouthbrooder","demersal","non-piscivore"
"Grammatotria lemairii","Grammatotria lemairii","Grammatotria","Ectodini","Other","Lake Tanganyika","not_applicable","maternal_mouthbrooder","benthopelagic","non-piscivore"
"Limnochromis auritus","Limnochromis auritus","Limnochromis","Limnochromini","Other","Lake Tanganyika","not_applicable","biparental_mouthbrooder","demersal","non-piscivore"
"Baileychromis centropomoides","Baileychromis centropomoides","Baileychromis","Limnochromini","Other","Lake Tanganyika","not_applicable","data_deficient","pelagic","non-piscivore"
"Reganochromis calliurus","Reganochromis calliurus","Reganochromis","Limnochromini","Other","Lake Tanganyika","not_applicable","data_deficient","benthopelagic","non-piscivore"
"Gnathochromis permaxillaris","Gnathochromis permaxillaris","Gnathochromis","Limnochromini","Other","Lake Tanganyika","not_applicable","biparental_mouthbrooder","demersal","non-piscivore"
"Limnochromis abeelei","Limnochromis abeelei","Limnochromis","Limnochromini","Other","Lake Tanganyika","not_applicable","biparental_mouthbrooder","demersal","non-piscivore"
"Limnochromis staneri","Limnochromis staneri","Limnochromis","Limnochromini","Other","Lake Tanganyika","not_applicable","biparental_mouthbrooder","demersal","non-piscivore"
"Greenwoodochromis bellcrossi","Greenwoodochromis bellcrossi","Greenwoodochromis","Limnochromini","Other","Lake Tanganyika","not_applicable","biparental_mouthbrooder","pelagic","non-piscivore"
"Greenwoodochromis christyi","Greenwoodochromis christyi","Greenwoodochromis","Limnochromini","Other","Lake Tanganyika","not_applicable","biparental_mouthbrooder","pelagic","non-piscivore"
"Tangachromis dhanisi","Tangachromis dhanisi","Tangachromis","Limnochromini","Other","Lake Tanganyika","not_applicable","data_deficient","benthopelagic","non-piscivore"
"Triglachromis otostigma","Triglachromis otostigma","Triglachromis","Limnochromini","Other","Lake Tanganyika","not_applicable","data_deficient","demersal","non-piscivore"
"Cyphotilapia frontosa","Cyphotilapia frontosa","Cyphotilapia","Cyphotilapiini","Other","Lake Tanganyika","not_applicable","maternal_mouthbrooder","benthopelagic","piscivore"
"Trematochromis benthicola","Trematochromis benthicola","Trematochromis","Trematocarini","Other","Lake Tanganyika","not_applicable","maternal_mouthbrooder","benthopelagic","non-piscivore"
"Orthochromis malagaraziensis","Orthochromis malagaraziensis","Orthochromis","Basal Haplochromini","Haplochromine","Riverine","not_applicable","maternal_mouthbrooder","benthopelagic","non-piscivore"
"Orthochromis mazimeroensis","Orthochromis mazimeroensis","Orthochromis","Basal Haplochromini","Haplochromine","Riverine","not_applicable","maternal_mouthbrooder","benthopelagic","non-piscivore"
"Orthochromis luichensis","Orthochromis luichensis","Orthochromis","Basal Haplochromini","Haplochromine","Riverine","not_applicable","maternal_mouthbrooder","benthopelagic","non-piscivore"
"Astatotilapia stappersii","Astatotilapia stappersii","Astatotilapia","Haplochromini","Haplochromine","Lake Tanganyika","not_applicable","maternal_mouthbrooder","benthopelagic","non-piscivore"
"Haplochromis labiatus","Haplochromis labiatus","Haplochromis","Haplochromini","Haplochromine","Lake Victoria","not_applicable","maternal_mouthbrooder","benthopelagic","non-piscivore"
"Haplochromis mentatus","Haplochromis mentatus","Haplochromis","Haplochromini","Haplochromine","Lake Victoria","not_applicable","maternal_mouthbrooder","benthopelagic","piscivore"
"Haplochromis welcommei","Haplochromis welcommei","Haplochromis","Haplochromini","Haplochromine","Lake Victoria","not_applicable","maternal_mouthbrooder","benthopelagic","piscivore"
"Haplochromis estor","Haplochromis estor","Haplochromis","Haplochromini","Haplochromine","Lake Victoria","not_applicable","maternal_mouthbrooder","benthopelagic","piscivore"
"Haplochromis fusiformis","Haplochromis fusiformis","Haplochromis","Haplochromini","Haplochromine","Lake Victoria","not_applicable","maternal_mouthbrooder","benthopelagic","non-piscivore"
"Haplochromis dolichorhynchus","Haplochromis dolichorhynchus","Haplochromis","Haplochromini","Haplochromine","Lake Victoria","not_applicable","maternal_mouthbrooder","benthopelagic","non-piscivore"
"Haplochromis sulphureus","Haplochromis sulphureus","Haplochromis","Haplochromini","Haplochromine","Lake Victoria","not_applicable","maternal_mouthbrooder","benthopelagic","non-piscivore"
"Haplochromis orthostoma","Haplochromis orthostoma","Haplochromis","Haplochromini","Haplochromine","Lake Victoria","not_applicable","maternal_mouthbrooder","benthopelagic","piscivore"
"Haplochromis beadlei","Haplochromis beadlei","Haplochromis","Haplochromini","Haplochromine","Lake Victoria","not_applicable","maternal_mouthbrooder","benthopelagic","non-piscivore"
"Haplochromis aelocephalus","Haplochromis aelocephalus","Haplochromis","Haplochromini","Haplochromine","Lake Victoria","not_applicable","maternal_mouthbrooder","benthopelagic","piscivore"
"Mbipia mbipi","Mbipia mbipi","Mbipia","Haplochromini","Haplochromine","Lake Victoria","not_applicable","maternal_mouthbrooder","benthopelagic","non-piscivore"
"Haplochromis lividus","Haplochromis lividus","Haplochromis","Haplochromini","Haplochromine","Lake Victoria","not_applicable","maternal_mouthbrooder","benthopelagic","non-piscivore"
"Haplochromis obliquidens","Haplochromis obliquidens","Haplochromis","Haplochromini","Haplochromine","Lake Victoria","not_applicable","maternal_mouthbrooder","benthopelagic","non-piscivore"
"Haplochromis maxillaris","Haplochromis maxillaris","Haplochromis","Haplochromini","Haplochromine","Lake Victoria","not_applicable","maternal_mouthbrooder","benthopelagic","piscivore"
"Haplochromis melanopterus","Haplochromis melanopterus","Haplochromis","Haplochromini","Haplochromine","Lake Victoria","not_applicable","maternal_mouthbrooder","benthopelagic","piscivore"
"Haplochromis cryptodon","Haplochromis cryptodon","Haplochromis","Haplochromini","Haplochromine","Lake Victoria","not_applicable","maternal_mouthbrooder","benthopelagic","piscivore"
"Haplochromis microdon","Haplochromis microdon","Haplochromis","Haplochromini","Haplochromine","Lake Victoria","not_applicable","maternal_mouthbrooder","benthopelagic","non-piscivore"
"Haplochromis nubilus","Haplochromis nubilus","Haplochromis","Haplochromini","Haplochromine","Lake Victoria","not_applicable","maternal_mouthbrooder","benthopelagic","non-piscivore"
"Haplochromis pappenheimi","Haplochromis pappenheimi","Haplochromis","Haplochromini","Haplochromine","Lake Victoria","not_applicable","maternal_mouthbrooder","pelagic","non-piscivore"
"Haplochromis loati","Haplochromis loati","Haplochromis","Haplochromini","Haplochromine","Lake Victoria","not_applicable","maternal_mouthbrooder","benthopelagic","non-piscivore"
"Haplochromis astatodon","Haplochromis astatodon","Haplochromis","Haplochromini","Haplochromine","Lake Victoria","not_applicable","maternal_mouthbrooder","benthopelagic","non-piscivore"
"Haplochromis paucidens","Haplochromis paucidens","Haplochromis","Haplochromini","Haplochromine","Lake Victoria","not_applicable","maternal_mouthbrooder","benthopelagic","non-piscivore"
"Haplochromis limax","Haplochromis limax","Haplochromis","Haplochromini","Haplochromine","Lake Victoria","not_applicable","maternal_mouthbrooder","benthopelagic","non-piscivore"
"Astatotilapia burtoni","Astatotilapia burtoni","Astatotilapia","Haplochromini","Haplochromine","Lake Tanganyika","not_applicable","maternal_mouthbrooder","benthopelagic","non-piscivore"
"Astatotilapia gigliolii","Astatotilapia gigliolii","Astatotilapia","Basal Modern Haplochromini","Haplochromine","Riverine","not_applicable","maternal_mouthbrooder","benthopelagic","non-piscivore"
"Astatotilapia bloyeti","Astatotilapia bloyeti","Astatotilapia","Basal Modern Haplochromini","Haplochromine","Riverine","not_applicable","maternal_mouthbrooder","benthopelagic","non-piscivore"
"Rhamphochromis woodi","Rhamphochromis woodi","Rhamphochromis","Haplochromini","Haplochromine","Lake Malawi","Rhamphochromis","maternal_mouthbrooder","pelagic","piscivore"
"Rhamphochromis esox","Rhamphochromis esox","Rhamphochromis","Haplochromini","Haplochromine","Lake Malawi","Rhamphochromis","maternal_mouthbrooder","pelagic","piscivore"
"Rhamphochromis ferox","Rhamphochromis ferox","Rhamphochromis","Haplochromini","Haplochromine","Lake Malawi","Rhamphochromis","maternal_mouthbrooder","pelagic","piscivore"
"Rhamphochromis longiceps","Rhamphochromis longiceps","Rhamphochromis","Haplochromini","Haplochromine","Lake Malawi","Rhamphochromis","maternal_mouthbrooder","pelagic","piscivore"
"Diplotaxodon limnothrissa","Diplotaxodon limnothrissa","Diplotaxodon","Haplochromini","Haplochromine","Lake Malawi","Diplotaxodon","maternal_mouthbrooder","pelagic","non-piscivore"
"Diplotaxodon ecclesi","Diplotaxodon ecclesi","Diplotaxodon","Haplochromini","Haplochromine","Lake Malawi","Diplotaxodon","maternal_mouthbrooder","pelagic","piscivore"
"Diplotaxodon macrops","Diplotaxodon macrops","Diplotaxodon","Haplochromini","Haplochromine","Lake Malawi","Diplotaxodon","maternal_mouthbrooder","pelagic","non-piscivore"
"Diplotaxodon argenteus","Diplotaxodon argenteus","Diplotaxodon","Haplochromini","Haplochromine","Lake Malawi","Diplotaxodon","maternal_mouthbrooder","pelagic","piscivore"
"Diplotaxodon greenwoodi","Diplotaxodon greenwoodi","Diplotaxodon","Haplochromini","Haplochromine","Lake Malawi","Diplotaxodon","maternal_mouthbrooder","pelagic","piscivore"
"Diplotaxodon aeneus","Diplotaxodon aeneus","Diplotaxodon","Haplochromini","Haplochromine","Lake Malawi","Diplotaxodon","maternal_mouthbrooder","pelagic","non-piscivore"
"Pallidochromis tokolosh","Pallidochromis tokolosh","Pallidochromis","Haplochromini","Haplochromine","Lake Malawi","Diplotaxodon","maternal_mouthbrooder","pelagic","piscivore"
"Aulonocara trematocephalum","Aulonocara trematocephalum","Aulonocara","Haplochromini","Haplochromine","Lake Malawi","Deep Benthic","maternal_mouthbrooder","benthopelagic","non-piscivore"
"Mylochromis obtusus","Mylochromis obtusus","Mylochromis","Haplochromini","Haplochromine","Lake Malawi","Shallow Benthic","maternal_mouthbrooder","demersal","non-piscivore"
"Placidochromis milomo","Placidochromis milomo","Placidochromis","Haplochromini","Haplochromine","Lake Malawi","Shallow Benthic","maternal_mouthbrooder","benthopelagic","non-piscivore"
"Placidochromis hennydaviesae","Placidochromis hennydaviesae","Placidochromis","Haplochromini","Haplochromine","Lake Malawi","Shallow Benthic","maternal_mouthbrooder","benthopelagic","non-piscivore"
"Otopharynx pachycheilus","Otopharynx pachycheilus","Otopharynx","Haplochromini","Haplochromine","Lake Malawi","Shallow Benthic","maternal_mouthbrooder","demersal","non-piscivore"
"Alticorpus macrocleithrum","Alticorpus macrocleithrum","Alticorpus","Haplochromini","Haplochromine","Lake Malawi","Deep Benthic","maternal_mouthbrooder","pelagic","piscivore"
"Sciaenochromis ahli","Sciaenochromis ahli","Sciaenochromis","Haplochromini","Haplochromine","Lake Malawi","Mbuna","maternal_mouthbrooder","benthopelagic","piscivore"
"Stigmatochromis modestus","Stigmatochromis modestus","Stigmatochromis","Haplochromini","Haplochromine","Lake Malawi","Shallow Benthic","maternal_mouthbrooder","demersal","piscivore"
"Naevochromis chrysogaster","Naevochromis chrysogaster","Naevochromis","Haplochromini","Haplochromine","Lake Malawi","Shallow Benthic","maternal_mouthbrooder","demersal","piscivore"
"Protomelas fenestratus","Protomelas fenestratus","Protomelas","Haplochromini","Haplochromine","Lake Malawi","Shallow Benthic","maternal_mouthbrooder","benthopelagic","non-piscivore"
"Protomelas taeniolatus","Protomelas taeniolatus","Protomelas","Haplochromini","Haplochromine","Lake Malawi","Shallow Benthic","maternal_mouthbrooder","benthopelagic","non-piscivore"
"Trematocranus placodon","Trematocranus placodon","Trematocranus","Haplochromini","Haplochromine","Lake Malawi","Shallow Benthic","maternal_mouthbrooder","demersal","non-piscivore"
"Placidochromis subocularis","Placidochromis subocularis","Mylochromis","Haplochromini","Haplochromine","Lake Malawi","Shallow Benthic","maternal_mouthbrooder","benthopelagic","non-piscivore"
"Cyrtocara moorii","Cyrtocara moorii","Cyrtocara","Haplochromini","Haplochromine","Lake Malawi","Shallow Benthic","maternal_mouthbrooder","benthopelagic","non-piscivore"
"Placidochromis electra","Placidochromis electra","Placidochromis","Haplochromini","Haplochromine","Lake Malawi","Shallow Benthic","maternal_mouthbrooder","benthopelagic","non-piscivore"
"Placidochromis phenochilus","Placidochromis phenochilus","Placidochromis","Haplochromini","Haplochromine","Lake Malawi","Shallow Benthic","maternal_mouthbrooder","benthopelagic","non-piscivore"
"Protomelas annectens","Protomelas annectens","Protomelas","Haplochromini","Haplochromine","Lake Malawi","Shallow Benthic","maternal_mouthbrooder","benthopelagic","non-piscivore"
"Mylochromis sphaerodon","Mylochromis sphaerodon","Mylochromis","Haplochromini","Haplochromine","Lake Malawi","Shallow Benthic","maternal_mouthbrooder","demersal","non-piscivore"
"Placidochromis johnstoni","Placidochromis johnstoni","Placidochromis","Haplochromini","Haplochromine","Lake Malawi","Shallow Benthic","maternal_mouthbrooder","benthopelagic","non-piscivore"
"Chilotilapia rhoadesii","Chilotilapia rhoadesii","Chilotilapia","Haplochromini","Haplochromine","Lake Malawi","Shallow Benthic","maternal_mouthbrooder","benthopelagic","non-piscivore"
"Cheilochromis euchilus","Cheilochromis euchilus","Cheilochromis","Haplochromini","Haplochromine","Lake Malawi","Shallow Benthic","maternal_mouthbrooder","benthopelagic","non-piscivore"
"Protomelas kirkii","Protomelas kirkii","Protomelas","Haplochromini","Haplochromine","Lake Malawi","Shallow Benthic","maternal_mouthbrooder","benthopelagic","non-piscivore"
"Champsochromis caeruleus","Champsochromis caeruleus","Champsochromis","Haplochromini","Haplochromine","Lake Malawi","Shallow Benthic","maternal_mouthbrooder","benthopelagic","piscivore"
"Champsochromis spilorhynchus","Champsochromis spilorhynchus","Champsochromis","Haplochromini","Haplochromine","Lake Malawi","Shallow Benthic","maternal_mouthbrooder","benthopelagic","piscivore"
"Lethrinops albus","Lethrinops albus","Lethrinops","Haplochromini","Haplochromine","Lake Malawi","Deep Benthic","maternal_mouthbrooder","demersal","non-piscivore"
"Lethrinops furcifer","Lethrinops furcifer","Lethrinops","Haplochromini","Haplochromine","Lake Malawi","Deep Benthic","maternal_mouthbrooder","demersal","non-piscivore"
"Lethrinops auritus","Lethrinops auritus","Lethrinops","Haplochromini","Haplochromine","Lake Malawi","Deep Benthic","maternal_mouthbrooder","demersal","non-piscivore"
"Corematodus taeniatus","Corematodus taeniatus","Corematodus","Haplochromini","Haplochromine","Lake Malawi","Shallow Benthic","maternal_mouthbrooder","benthopelagic","piscivore"
"Mylochromis labidodon","Mylochromis labidodon","Mylochromis","Haplochromini","Haplochromine","Lake Malawi","Shallow Benthic","maternal_mouthbrooder","demersal","non-piscivore"
"Tyrannochromis macrostoma","Tyrannochromis macrostoma","Tyrannochromis","Haplochromini","Haplochromine","Lake Malawi","Shallow Benthic","maternal_mouthbrooder","demersal","piscivore"
"Tyrannochromis nigriventer","Tyrannochromis nigriventer","Tyrannochromis","Haplochromini","Haplochromine","Lake Malawi","Shallow Benthic","maternal_mouthbrooder","demersal","piscivore"
"Mylochromis mola","Mylochromis mola","Mylochromis","Haplochromini","Haplochromine","Lake Malawi","Shallow Benthic","maternal_mouthbrooder","demersal","non-piscivore"
"Ctenopharynx pictus","Ctenopharynx pictus","Ctenopharynx","Haplochromini","Haplochromine","Lake Malawi","Shallow Benthic","maternal_mouthbrooder","benthopelagic","non-piscivore"
"Ctenopharynx intermedius","Ctenopharynx intermedius","Ctenopharynx","Haplochromini","Haplochromine","Lake Malawi","Shallow Benthic","maternal_mouthbrooder","benthopelagic","non-piscivore"
"Ctenopharynx nitidus","Ctenopharynx nitidus","Ctenopharynx","Haplochromini","Haplochromine","Lake Malawi","Shallow Benthic","maternal_mouthbrooder","benthopelagic","non-piscivore"
"Protomelas spilopterus","Protomelas spilopterus","Protomelas","Haplochromini","Haplochromine","Lake Malawi","Shallow Benthic","maternal_mouthbrooder","benthopelagic","piscivore"
"Hemitaeniochromis urotaenia","Hemitaeniochromis urotaenia","Hemitaeniochromis","Haplochromini","Haplochromine","Lake Malawi","Shallow Benthic","maternal_mouthbrooder","benthopelagic","piscivore"
"Otopharynx lithobates","Otopharynx lithobates","Otopharynx","Haplochromini","Haplochromine","Lake Malawi","Shallow Benthic","maternal_mouthbrooder","demersal","non-piscivore"
"Mylochromis anaphyrmus","Mylochromis anaphyrmus","Mylochromis","Haplochromini","Haplochromine","Lake Malawi","Shallow Benthic","maternal_mouthbrooder","demersal","non-piscivore"
"Mchenga eucinostomus","Mchenga eucinostomus","Mchenga","Haplochromini","Haplochromine","Lake Malawi","Utaka","maternal_mouthbrooder","benthopelagic","non-piscivore"
"Mchenga inornata","Mchenga inornata","Mchenga","Haplochromini","Haplochromine","Lake Malawi","Utaka","maternal_mouthbrooder","benthopelagic","non-piscivore"
"Nyassachromis nigritaeniatus","Nyassachromis nigritaeniatus","Nyassachromis","Haplochromini","Haplochromine","Lake Malawi","Utaka","maternal_mouthbrooder","demersal","non-piscivore"
"Nyassachromis purpurans","Nyassachromis purpurans","Nyassachromis","Haplochromini","Haplochromine","Lake Malawi","Utaka","maternal_mouthbrooder","demersal","non-piscivore"
"Nyassachromis leuciscus","Nyassachromis leuciscus","Nyassachromis","Haplochromini","Haplochromine","Lake Malawi","Utaka","maternal_mouthbrooder","demersal","non-piscivore"
"Nyassachromis breviceps","Nyassachromis breviceps","Nyassachromis","Haplochromini","Haplochromine","Lake Malawi","Utaka","maternal_mouthbrooder","demersal","non-piscivore"
"Nyassachromis microcephalus","Nyassachromis microcephalus","Nyassachromis","Haplochromini","Haplochromine","Lake Malawi","Utaka","maternal_mouthbrooder","demersal","non-piscivore"
"Hemitilapia oxyrhynchus","Hemitilapia oxyrhynchus","Hemitilapia","Haplochromini","Haplochromine","Lake Malawi","Shallow Benthic","maternal_mouthbrooder","benthopelagic","non-piscivore"
"Lethrinops gossei","Lethrinops gossei","Lethrinops","Haplochromini","Haplochromine","Lake Malawi","Deep Benthic","maternal_mouthbrooder","demersal","non-piscivore"
"Lethrinops lethrinus","Lethrinops lethrinus","Lethrinops","Haplochromini","Haplochromine","Lake Malawi","Deep Benthic","maternal_mouthbrooder","demersal","non-piscivore"
"Mylochromis balteatus","Mylochromis balteatus","Mylochromis","Haplochromini","Haplochromine","Lake Malawi","Shallow Benthic","maternal_mouthbrooder","demersal","non-piscivore"
"Lichnochromis acuticeps","Lichnochromis acuticeps","Lichnochromis","Haplochromini","Haplochromine","Lake Malawi","Shallow Benthic","maternal_mouthbrooder","demersal","piscivore"
"Nimbochromis polystigma","Nimbochromis polystigma","Nimbochromis","Haplochromini","Haplochromine","Lake Malawi","Shallow Benthic","maternal_mouthbrooder","demersal","piscivore"
"Nimbochromis livingstonii","Nimbochromis livingstonii","Nimbochromis","Haplochromini","Haplochromine","Lake Malawi","Shallow Benthic","maternal_mouthbrooder","demersal","piscivore"
"Nimbochromis venustus","Nimbochromis venustus","Nimbochromis","Haplochromini","Haplochromine","Lake Malawi","Shallow Benthic","maternal_mouthbrooder","demersal","piscivore"
"Nimbochromis linni","Nimbochromis linni","Nimbochromis","Haplochromini","Haplochromine","Lake Malawi","Shallow Benthic","maternal_mouthbrooder","demersal","piscivore"
"Dimidiochromis kiwinge","Dimidiochromis kiwinge","Dimidiochromis","Haplochromini","Haplochromine","Lake Malawi","Shallow Benthic","maternal_mouthbrooder","benthopelagic","piscivore"
"Dimidiochromis strigatus","Dimidiochromis strigatus","Dimidiochromis","Haplochromini","Haplochromine","Lake Malawi","Shallow Benthic","maternal_mouthbrooder","benthopelagic","piscivore"
"Dimidiochromis compressiceps","Dimidiochromis compressiceps","Dimidiochromis","Haplochromini","Haplochromine","Lake Malawi","Shallow Benthic","maternal_mouthbrooder","benthopelagic","piscivore"
"Mylochromis guentheri","Mylochromis guentheri","Mylochromis","Haplochromini","Haplochromine","Lake Malawi","Shallow Benthic","maternal_mouthbrooder","demersal","non-piscivore"
"Otopharynx argyrosoma","Otopharynx argyrosoma","Otopharynx","Haplochromini","Haplochromine","Lake Malawi","Shallow Benthic","maternal_mouthbrooder","demersal","non-piscivore"
"Copadichromis virginalis","Copadichromis virginalis","Copadichromis","Haplochromini","Haplochromine","Lake Malawi","Utaka","maternal_mouthbrooder","benthopelagic","non-piscivore"
"Taeniolethrinops praeorbitalis","Taeniolethrinops praeorbitalis","Taeniolethrinops","Haplochromini","Haplochromine","Lake Malawi","Shallow Benthic","maternal_mouthbrooder","demersal","non-piscivore"
"Taeniolethrinops furcicauda","Taeniolethrinops furcicauda","Taeniolethrinops","Haplochromini","Haplochromine","Lake Malawi","Shallow Benthic","maternal_mouthbrooder","demersal","non-piscivore"
"Buccochromis heterotaenia","Buccochromis heterotaenia","Buccochromis","Haplochromini","Haplochromine","Lake Malawi","Shallow Benthic","maternal_mouthbrooder","benthopelagic","piscivore"
"Buccochromis nototaenia","Buccochromis nototaenia","Buccochromis","Haplochromini","Haplochromine","Lake Malawi","Shallow Benthic","maternal_mouthbrooder","benthopelagic","piscivore"
"Buccochromis oculatus","Buccochromis oculatus","Buccochromis","Haplochromini","Haplochromine","Lake Malawi","Shallow Benthic","maternal_mouthbrooder","benthopelagic","piscivore"
"Buccochromis spectabilis","Buccochromis spectabilis","Buccochromis","Haplochromini","Haplochromine","Lake Malawi","Shallow Benthic","maternal_mouthbrooder","benthopelagic","piscivore"
"Buccochromis atritaeniatus","Buccochromis atritaeniatus","Buccochromis","Haplochromini","Haplochromine","Lake Malawi","Shallow Benthic","maternal_mouthbrooder","benthopelagic","piscivore"
"Mylochromis plagiotaenia","Mylochromis plagiotaenia","Mylochromis","Haplochromini","Haplochromine","Lake Malawi","Shallow Benthic","maternal_mouthbrooder","demersal","non-piscivore"
"Protomelas triaenodon","Protomelas triaenodon","Protomelas","Haplochromini","Haplochromine","Lake Malawi","Shallow Benthic","maternal_mouthbrooder","benthopelagic","non-piscivore"
"Protomelas insignis","Protomelas insignis","Protomelas","Haplochromini","Haplochromine","Lake Malawi","Shallow Benthic","maternal_mouthbrooder","benthopelagic","piscivore"
"Mylochromis melanonotus","Mylochromis melanonotus","Mylochromis","Haplochromini","Haplochromine","Lake Malawi","Shallow Benthic","maternal_mouthbrooder","demersal","piscivore"
"Mylochromis semipalatus","Mylochromis semipalatus","Mylochromis","Haplochromini","Haplochromine","Lake Malawi","Shallow Benthic","maternal_mouthbrooder","demersal","non-piscivore"
"Mylochromis formosus","Mylochromis formosus","Mylochromis","Haplochromini","Haplochromine","Lake Malawi","Shallow Benthic","maternal_mouthbrooder","demersal","piscivore"
"Copadichromis quadrimaculatus","Copadichromis quadrimaculatus","Copadichromis","Haplochromini","Haplochromine","Lake Malawi","Utaka","maternal_mouthbrooder","benthopelagic","non-piscivore"
"Copadichromis likomae","Copadichromis likomae","Copadichromis","Haplochromini","Haplochromine","Lake Malawi","Utaka","maternal_mouthbrooder","benthopelagic","non-piscivore"
"Copadichromis trimaculatus","Copadichromis trimaculatus","Copadichromis","Haplochromini","Haplochromine","Lake Malawi","Utaka","maternal_mouthbrooder","benthopelagic","non-piscivore"
"Copadichromis chrysonotus","Copadichromis chrysonotus","Copadichromis","Haplochromini","Haplochromine","Lake Malawi","Utaka","maternal_mouthbrooder","benthopelagic","non-piscivore"
"Otopharynx ovatus","Otopharynx ovatus","Otopharynx","Haplochromini","Haplochromine","Lake Malawi","Shallow Benthic","maternal_mouthbrooder","demersal","non-piscivore"
"Otopharynx speciosus","Otopharynx speciosus","Otopharynx","Haplochromini","Haplochromine","Lake Malawi","Shallow Benthic","maternal_mouthbrooder","demersal","piscivore"
"Otopharynx tetrastigma","Otopharynx tetrastigma","Otopharynx","Haplochromini","Haplochromine","Lake Malawi","Shallow Benthic","maternal_mouthbrooder","demersal","non-piscivore"
"Docimodus evelynae","Docimodus evelynae","Docimodus","Haplochromini","Haplochromine","Lake Malawi","Shallow Benthic","maternal_mouthbrooder","benthopelagic","piscivore"
"Tropheops tropheops","Tropheops tropheops","Tropheops","Haplochromini","Haplochromine","Lake Malawi","Mbuna","maternal_mouthbrooder","demersal","non-piscivore"
"Genyochromis mento","Genyochromis mento","Genyochromis","Haplochromini","Haplochromine","Lake Malawi","Mbuna","maternal_mouthbrooder","benthopelagic","piscivore"
"Petrotilapia genalutea","Petrotilapia genalutea","Petrotilapia","Haplochromini","Haplochromine","Lake Malawi","Mbuna","maternal_mouthbrooder","demersal","non-piscivore"
"Chindongo cyaneus","Chindongo cyaneus","Chindongo","Haplochromini","Haplochromine","Lake Malawi","Mbuna","maternal_mouthbrooder","demersal","non-piscivore"
"Chindongo elongatus","Chindongo elongatus","Chindongo","Haplochromini","Haplochromine","Lake Malawi","Mbuna","maternal_mouthbrooder","demersal","non-piscivore"
"Pseudotropheus interruptus","Pseudotropheus interruptus","Pseudotropheus","Haplochromini","Haplochromine","Lake Malawi","Mbuna","maternal_mouthbrooder","benthopelagic","non-piscivore"
"Pseudotropheus johannii","Pseudotropheus johannii","Pseudotropheus","Haplochromini","Haplochromine","Lake Malawi","Mbuna","maternal_mouthbrooder","benthopelagic","non-piscivore"
"Pseudotropheus purpuratus","Pseudotropheus purpuratus","Pseudotropheus","Haplochromini","Haplochromine","Lake Malawi","Mbuna","maternal_mouthbrooder","benthopelagic","non-piscivore"
"Abactochromis labrosus","Abactochromis labrosus","Abactochromis","Haplochromini","Haplochromine","Lake Malawi","Mbuna","maternal_mouthbrooder","demersal","non-piscivore"
"Melanochromis robustus","Melanochromis robustus","Melanochromis","Haplochromini","Haplochromine","Lake Malawi","Mbuna","maternal_mouthbrooder","benthopelagic","non-piscivore"
"Melanochromis chipokae","Melanochromis chipokae","Melanochromis","Haplochromini","Haplochromine","Lake Malawi","Mbuna","maternal_mouthbrooder","benthopelagic","non-piscivore"
"Melanochromis melanopterus","Melanochromis melanopterus","Melanochromis","Haplochromini","Haplochromine","Lake Malawi","Mbuna","maternal_mouthbrooder","benthopelagic","non-piscivore"
"Melanochromis loriae","Melanochromis loriae","Melanochromis","Haplochromini","Haplochromine","Lake Malawi","Mbuna","maternal_mouthbrooder","benthopelagic","non-piscivore"
"Melanochromis auratus","Melanochromis auratus","Melanochromis","Haplochromini","Haplochromine","Lake Malawi","Mbuna","maternal_mouthbrooder","benthopelagic","non-piscivore"
"Labeotropheus fuelleborni","Labeotropheus fuelleborni","Labeotropheus","Haplochromini","Haplochromine","Lake Malawi","Mbuna","maternal_mouthbrooder","benthopelagic","non-piscivore"
"Labeotropheus trewavasae","Labeotropheus trewavasae","Labeotropheus","Haplochromini","Haplochromine","Lake Malawi","Mbuna","maternal_mouthbrooder","benthopelagic","non-piscivore"
"Cynotilapia axelrodi","Cynotilapia axelrodi","Cynotilapia","Haplochromini","Haplochromine","Lake Malawi","Shallow Benthic","maternal_mouthbrooder","benthopelagic","non-piscivore"
"Cynotilapia afra","Cynotilapia afra","Cynotilapia","Haplochromini","Haplochromine","Lake Malawi","Mbuna","maternal_mouthbrooder","benthopelagic","non-piscivore"
"Maylandia lanisticola","Maylandia lanisticola","Maylandia","Haplochromini","Haplochromine","Lake Malawi","Mbuna","maternal_mouthbrooder","benthopelagic","non-piscivore"
"Maylandia zebra","Maylandia zebra","Maylandia","Haplochromini","Haplochromine","Lake Malawi","Mbuna","maternal_mouthbrooder","benthopelagic","non-piscivore"
"Iodotropheus sprengerae","Iodotropheus sprengerae","Iodotropheus","Haplochromini","Haplochromine","Lake Malawi","Mbuna","maternal_mouthbrooder","benthopelagic","non-piscivore"
"Labidochromis freibergi","Labidochromis freibergi","Labidochromis","Haplochromini","Haplochromine","Lake Malawi","Mbuna","maternal_mouthbrooder","benthopelagic","non-piscivore"
"Labidochromis strigatus","Labidochromis strigatus","Labidochromis","Haplochromini","Haplochromine","Lake Malawi","Mbuna","maternal_mouthbrooder","benthopelagic","non-piscivore"
"Labidochromis pallidus","Labidochromis pallidus","Labidochromis","Haplochromini","Haplochromine","Lake Malawi","Mbuna","maternal_mouthbrooder","benthopelagic","non-piscivore"
"Astatotilapia calliptera","Astatotilapia calliptera","Astatotilapia","Haplochromini","Haplochromine","Lake Malawi","Astatotilapia","maternal_mouthbrooder","benthopelagic","non-piscivore"
"Astatoreochromis alluaudi","Astatoreochromis alluaudi","Astatoreochromis","Basal Modern Haplochromini","Haplochromine","Riverine","not_applicable","maternal_mouthbrooder","benthopelagic","non-piscivore"
"Astatoreochromis straeleni","Astatoreochromis straeleni","Astatoreochromis","Basal Modern Haplochromini","Haplochromine","Riverine","not_applicable","maternal_mouthbrooder","benthopelagic","non-piscivore"
"Lobochilotes labiatus","Lobochilotes labiatus","Lobochilotes","Tropheini","Haplochromine","Lake Tanganyika","not_applicable","maternal_mouthbrooder","benthopelagic","non-piscivore"
"Simochromis diagramma","Simochromis diagramma","Simochromis","Tropheini","Haplochromine","Lake Tanganyika","not_applicable","maternal_mouthbrooder","benthopelagic","non-piscivore"
"Interochromis loocki","Interochromis loocki","Interochromis","Tropheini","Haplochromine","Lake Tanganyika","not_applicable","maternal_mouthbrooder","demersal","non-piscivore"
"Petrochromis fasciolatus","Petrochromis fasciolatus","Petrochromis","Tropheini","Haplochromine","Lake Tanganyika","not_applicable","maternal_mouthbrooder","benthopelagic","non-piscivore"
"Petrochromis orthognathus","Petrochromis orthognathus","Petrochromis","Tropheini","Haplochromine","Lake Tanganyika","not_applicable","maternal_mouthbrooder","benthopelagic","non-piscivore"
"Pseudosimochromis marginatus","Pseudosimochromis marginatus","Pseudosimochromis","Tropheini","Haplochromine","Lake Tanganyika","not_applicable","maternal_mouthbrooder","benthopelagic","non-piscivore"
"Pseudosimochromis curvifrons","Pseudosimochromis curvifrons","Pseudosimochromis","Tropheini","Haplochromine","Lake Tanganyika","not_applicable","maternal_mouthbrooder","benthopelagic","non-piscivore"
"Pseudosimochromis babaulti","Pseudosimochromis babaulti","Pseudosimochromis","Tropheini","Haplochromine","Lake Tanganyika","not_applicable","maternal_mouthbrooder","benthopelagic","non-piscivore"
"Ctenochromis horei","Ctenochromis horei","Ctenochromis","Basal Haplochromini","Haplochromine","Riverine","not_applicable","maternal_mouthbrooder","benthopelagic","piscivore"
"Gnathochromis pfefferi","Gnathochromis pfefferi","Gnathochromis","Tropheini","Haplochromine","Lake Tanganyika","not_applicable","maternal_mouthbrooder","benthopelagic","non-piscivore"
"Limnotilapia dardennii","Limnotilapia dardennii","Limnotilapia","Tropheini","Haplochromine","Lake Tanganyika","not_applicable","maternal_mouthbrooder","demersal","non-piscivore"
"Petrochromis famula","Petrochromis famula","Petrochromis","Tropheini","Haplochromine","Lake Tanganyika","not_applicable","maternal_mouthbrooder","benthopelagic","non-piscivore"
"Petrochromis horii","Petrochromis horii","Petrochromis","Tropheini","Haplochromine","Lake Tanganyika","not_applicable","maternal_mouthbrooder","benthopelagic","non-piscivore"
"Petrochromis polyodon","Petrochromis polyodon","Petrochromis","Tropheini","Haplochromine","Lake Tanganyika","not_applicable","maternal_mouthbrooder","benthopelagic","non-piscivore"
"Petrochromis macrognathus","Petrochromis macrognathus","Petrochromis","Tropheini","Haplochromine","Lake Tanganyika","not_applicable","maternal_mouthbrooder","demersal","non-piscivore"
"Petrochromis trewavasae","Petrochromis trewavasae","Petrochromis","Tropheini","Haplochromine","Lake Tanganyika","not_applicable","maternal_mouthbrooder","benthopelagic","non-piscivore"
"Petrochromis ephippium","Petrochromis ephippium","Petrochromis","Tropheini","Haplochromine","Lake Tanganyika","not_applicable","maternal_mouthbrooder","demersal","non-piscivore"
"Tropheus moorii","Tropheus moorii","Tropheus","Tropheini","Haplochromine","Lake Tanganyika","not_applicable","maternal_mouthbrooder","demersal","non-piscivore"
"Tropheus brichardi","Tropheus brichardi","Tropheus","Tropheini","Haplochromine","Lake Tanganyika","not_applicable","maternal_mouthbrooder","demersal","non-piscivore"
"Tropheus duboisi","Tropheus duboisi","Tropheus","Tropheini","Haplochromine","Lake Tanganyika","not_applicable","maternal_mouthbrooder","demersal","non-piscivore"
"Orthochromis polyacanthus","Orthochromis polyacanthus","Orthochromis","Basal Haplochromini","Haplochromine","Riverine","not_applicable","maternal_mouthbrooder","benthopelagic","non-piscivore"
"Orthochromis stormsi","Orthochromis stormsi","Orthochromis","Basal Haplochromini","Haplochromine","Riverine","not_applicable","maternal_mouthbrooder","benthopelagic","non-piscivore"
"Orthochromis kalungwishiensis","Orthochromis kalungwishiensis","Orthochromis","Basal Haplochromini","Haplochromine","Riverine","not_applicable","maternal_mouthbrooder","benthopelagic","non-piscivore"
"Orthochromis indermauri","Orthochromis indermauri","Orthochromis","Basal Haplochromini","Haplochromine","Riverine","not_applicable","maternal_mouthbrooder","benthopelagic","non-piscivore"
"Ctenochromis oligacanthus","Ctenochromis oligacanthus","Ctenochromis","Basal Haplochromini","Haplochromine","Riverine","not_applicable","maternal_mouthbrooder","benthopelagic","non-piscivore"
"Serranochromis robustus","Serranochromis robustus","Serranochromis","Serranochromini","Haplochromine","Riverine","not_applicable","maternal_mouthbrooder","demersal","piscivore"
"Serranochromis thumbergi","Serranochromis thumbergi","Serranochromis","Serranochromini","Haplochromine","Riverine","not_applicable","maternal_mouthbrooder","demersal","piscivore"
"Serranochromis angusticeps","Serranochromis angusticeps","Serranochromis","Serranochromini","Haplochromine","Riverine","not_applicable","maternal_mouthbrooder","demersal","piscivore"
"Serranochromis macrocephalus","Serranochromis macrocephalus","Serranochromis","Serranochromini","Haplochromine","Riverine","not_applicable","maternal_mouthbrooder","demersal","piscivore"
"Serranochromis longimanus","Serranochromis longimanus","Serranochromis","Serranochromini","Haplochromine","Riverine","not_applicable","maternal_mouthbrooder","demersal","piscivore"
"Serranochromis stappersi","Serranochromis stappersi","Serranochromis","Serranochromini","Haplochromine","Riverine","not_applicable","maternal_mouthbrooder","benthopelagic","piscivore"
"Serranochromis meridianus","Serranochromis meridianus","Serranochromis","Serranochromini","Haplochromine","Riverine","not_applicable","maternal_mouthbrooder","demersal","piscivore"
"Pharyngochromis acuticeps","Pharyngochromis acuticeps","Pharyngochromis","Serranochromini","Haplochromine","Riverine","not_applicable","maternal_mouthbrooder","benthopelagic","non-piscivore"
"Sargochromis carlottae","Sargochromis carlottae","Sargochromis","Serranochromini","Haplochromine","Riverine","not_applicable","maternal_mouthbrooder","demersal","non-piscivore"
"Sargochromis mellandi","Sargochromis mellandi","Sargochromis","Serranochromini","Haplochromine","Riverine","not_applicable","maternal_mouthbrooder","demersal","non-piscivore"
"Sargochromis mortimeri","Sargochromis mortimeri","Sargochromis","Serranochromini","Haplochromine","Riverine","not_applicable","maternal_mouthbrooder","demersal","non-piscivore"
"Sargochromis codringtonii","Sargochromis codringtonii","Sargochromis","Serranochromini","Haplochromine","Riverine","not_applicable","maternal_mouthbrooder","demersal","non-piscivore"
"Thoracochromis albolabris","Thoracochromis albolabris","Thoracochromis","Serranochromini","Haplochromine","Riverine","not_applicable","maternal_mouthbrooder","benthopelagic","non-piscivore"
"Orthochromis machadoi","Orthochromis machadoi","Orthochromis","Basal Haplochromini","Haplochromine","Riverine","not_applicable","maternal_mouthbrooder","benthopelagic","non-piscivore"
"Pseudocrenilabrus philander","Pseudocrenilabrus philander","Pseudocrenilabrus","Basal Haplochromini","Haplochromine","Riverine","not_applicable","maternal_mouthbrooder","benthopelagic","non-piscivore"
"Pseudocrenilabrus multicolor","Pseudocrenilabrus multicolor","Pseudocrenilabrus","Basal Haplochromini","Haplochromine","Riverine","not_applicable","maternal_mouthbrooder","demersal","non-piscivore"
"Ctenochromis pectoralis","Ctenochromis pectoralis","Ctenochromis","Basal Haplochromini","Haplochromine","Riverine","not_applicable","maternal_mouthbrooder","benthopelagic","non-piscivore"
"Eretmodus marksmithi","Eretmodus marksmithi","Eretmodus","Eretmodini","Other","Lake Tanganyika","not_applicable","biparental_mouthbrooder","benthopelagic","non-piscivore"
"Spathodus marlieri","Spathodus marlieri","Spathodus","Eretmodini","Other","Lake Tanganyika","not_applicable","maternal_mouthbrooder","demersal","non-piscivore"
"Spathodus erythrodon","Spathodus erythrodon","Spathodus","Eretmodini","Other","Lake Tanganyika","not_applicable","biparental_mouthbrooder","demersal","non-piscivore"
"Tanganicodus irsacae","Tanganicodus irsacae","Tanganicodus","Eretmodini","Other","Lake Tanganyika","not_applicable","biparental_mouthbrooder","benthopelagic","non-piscivore"
"Eretmodus cyanostictus","Eretmodus cyanostictus","Eretmodus","Eretmodini","Other","Lake Tanganyika","not_applicable","biparental_mouthbrooder","benthopelagic","non-piscivore"
"Chalinochromis brichardi","Chalinochromis brichardi","Chalinochromis","Lamprologini","Other","Lake Tanganyika","not_applicable","substrate_brooder","benthopelagic","non-piscivore"
"Chalinochromis cyanophleps","Chalinochromis cyanophleps","Chalinochromis","Lamprologini","Other","Lake Tanganyika","not_applicable","substrate_brooder","benthopelagic","non-piscivore"
"Julidochromis dickfeldi","Julidochromis dickfeldi","Julidochromis","Lamprologini","Other","Lake Tanganyika","not_applicable","substrate_brooder","benthopelagic","non-piscivore"
"Julidochromis ornatus","Julidochromis ornatus","Julidochromis","Lamprologini","Other","Lake Tanganyika","not_applicable","substrate_brooder","benthopelagic","non-piscivore"
"Julidochromis marksmithi","Julidochromis marksmithi","Julidochromis","Lamprologini","Other","Lake Tanganyika","not_applicable","substrate_brooder","pelagic","non-piscivore"
"Julidochromis regani","Julidochromis regani","Julidochromis","Lamprologini","Other","Lake Tanganyika","not_applicable","substrate_brooder","benthopelagic","non-piscivore"
"Julidochromis marlieri","Julidochromis marlieri","Julidochromis","Lamprologini","Other","Lake Tanganyika","not_applicable","substrate_brooder","demersal","non-piscivore"
"Neolamprologus furcifer","Neolamprologus furcifer","Neolamprologus","Lamprologini","Other","Lake Tanganyika","not_applicable","substrate_brooder","benthopelagic","non-piscivore"
"Neolamprologus timidus","Neolamprologus timidus","Neolamprologus","Lamprologini","Other","Lake Tanganyika","not_applicable","substrate_brooder","benthopelagic","non-piscivore"
"Neolamprologus buescheri","Neolamprologus buescheri","Neolamprologus","Lamprologini","Other","Lake Tanganyika","not_applicable","substrate_brooder","benthopelagic","non-piscivore"
"Neolamprologus prochilus","Neolamprologus prochilus","Neolamprologus","Lamprologini","Other","Lake Tanganyika","not_applicable","substrate_brooder","benthopelagic","non-piscivore"
"Neolamprologus obscurus","Neolamprologus obscurus","Neolamprologus","Lamprologini","Other","Lake Tanganyika","not_applicable","substrate_brooder","benthopelagic","non-piscivore"
"Neolamprologus niger","Neolamprologus niger","Neolamprologus","Lamprologini","Other","Lake Tanganyika","not_applicable","substrate_brooder","benthopelagic","non-piscivore"
"Neolamprologus mustax","Neolamprologus mustax","Neolamprologus","Lamprologini","Other","Lake Tanganyika","not_applicable","substrate_brooder","benthopelagic","non-piscivore"
"Neolamprologus nigriventris","Neolamprologus nigriventris","Neolamprologus","Lamprologini","Other","Lake Tanganyika","not_applicable","substrate_brooder","benthopelagic","non-piscivore"
"Neolamprologus pectoralis","Neolamprologus pectoralis","Neolamprologus","Lamprologini","Other","Lake Tanganyika","not_applicable","substrate_brooder","benthopelagic","non-piscivore"
"Neolamprologus bifasciatus","Neolamprologus bifasciatus","Neolamprologus","Lamprologini","Other","Lake Tanganyika","not_applicable","substrate_brooder","benthopelagic","non-piscivore"
"Neolamprologus leleupi","Neolamprologus leleupi","Neolamprologus","Lamprologini","Other","Lake Tanganyika","not_applicable","substrate_brooder","benthopelagic","non-piscivore"
"Neolamprologus longior","Neolamprologus longior","Neolamprologus","Lamprologini","Other","Lake Tanganyika","not_applicable","substrate_brooder","benthopelagic","non-piscivore"
"Neolamprologus cylindricus","Neolamprologus cylindricus","Neolamprologus","Lamprologini","Other","Lake Tanganyika","not_applicable","substrate_brooder","benthopelagic","non-piscivore"
"Neolamprologus cancellatus","Neolamprologus cancellatus","Neolamprologus","Lamprologini","Other","Lake Tanganyika","not_applicable","substrate_brooder","benthopelagic","non-piscivore"
"Telmatochromis vittatus","Telmatochromis vittatus","Telmatochromis","Lamprologini","Other","Lake Tanganyika","not_applicable","substrate_brooder","benthopelagic","non-piscivore"
"Telmatochromis dhonti","Telmatochromis dhonti","Telmatochromis","Lamprologini","Other","Lake Tanganyika","not_applicable","substrate_brooder","benthopelagic","non-piscivore"
"Telmatochromis brichardi","Telmatochromis brichardi","Telmatochromis","Lamprologini","Other","Lake Tanganyika","not_applicable","substrate_brooder","demersal","non-piscivore"
"Telmatochromis bifrenatus","Telmatochromis bifrenatus","Telmatochromis","Lamprologini","Other","Lake Tanganyika","not_applicable","substrate_brooder","demersal","non-piscivore"
"Telmatochromis brachygnathus","Telmatochromis brachygnathus","Telmatochromis","Lamprologini","Other","Lake Tanganyika","not_applicable","substrate_brooder","benthopelagic","non-piscivore"
"Telmatochromis temporalis","Telmatochromis temporalis","Telmatochromis","Lamprologini","Other","Lake Tanganyika","not_applicable","substrate_brooder","demersal","non-piscivore"
"Neolamprologus devosi","Neolamprologus devosi","Neolamprologus","Lamprologini","Other","Riverine","not_applicable","substrate_brooder","benthopelagic","non-piscivore"
"Neolamprologus pulcher","Neolamprologus pulcher","Neolamprologus","Lamprologini","Other","Lake Tanganyika","not_applicable","substrate_brooder","benthopelagic","non-piscivore"
"Neolamprologus falcicula","Neolamprologus falcicula","Neolamprologus","Lamprologini","Other","Lake Tanganyika","not_applicable","substrate_brooder","benthopelagic","non-piscivore"
"Neolamprologus walteri","Neolamprologus walteri","Neolamprologus","Lamprologini","Other","Lake Tanganyika","not_applicable","substrate_brooder","benthopelagic","non-piscivore"
"Neolamprologus splendens","Neolamprologus splendens","Neolamprologus","Lamprologini","Other","Lake Tanganyika","not_applicable","substrate_brooder","benthopelagic","non-piscivore"
"Neolamprologus gracilis","Neolamprologus gracilis","Neolamprologus","Lamprologini","Other","Lake Tanganyika","not_applicable","substrate_brooder","benthopelagic","non-piscivore"
"Neolamprologus marunguensis","Neolamprologus marunguensis","Neolamprologus","Lamprologini","Other","Lake Tanganyika","not_applicable","substrate_brooder","benthopelagic","non-piscivore"
"Neolamprologus savoryi","Neolamprologus savoryi","Neolamprologus","Lamprologini","Other","Lake Tanganyika","not_applicable","substrate_brooder","benthopelagic","non-piscivore"
"Neolamprologus christyi","Neolamprologus christyi","Neolamprologus","Lamprologini","Other","Lake Tanganyika","not_applicable","substrate_brooder","benthopelagic","non-piscivore"
"Neolamprologus petricola","Neolamprologus petricola","Neolamprologus","Lamprologini","Other","Lake Tanganyika","not_applicable","substrate_brooder","benthopelagic","non-piscivore"
"Neolamprologus modestus","Neolamprologus modestus","Neolamprologus","Lamprologini","Other","Lake Tanganyika","not_applicable","substrate_brooder","benthopelagic","non-piscivore"
"Neolamprologus mondabu","Neolamprologus mondabu","Neolamprologus","Lamprologini","Other","Lake Tanganyika","not_applicable","substrate_brooder","benthopelagic","piscivore"
"Neolamprologus tetracanthus","Neolamprologus tetracanthus","Neolamprologus","Lamprologini","Other","Lake Tanganyika","not_applicable","substrate_brooder","benthopelagic","non-piscivore"
"Neolamprologus toae","Neolamprologus toae","Neolamprologus","Lamprologini","Other","Lake Tanganyika","not_applicable","substrate_brooder","benthopelagic","non-piscivore"
"Variabilichromis moorii","Variabilichromis moorii","Variabilichromis","Lamprologini","Other","Lake Tanganyika","not_applicable","substrate_brooder","benthopelagic","non-piscivore"
"Neolamprologus sexfasciatus","Neolamprologus sexfasciatus","Neolamprologus","Lamprologini","Other","Lake Tanganyika","not_applicable","substrate_brooder","benthopelagic","non-piscivore"
"Neolamprologus tretocephalus","Neolamprologus tretocephalus","Neolamprologus","Lamprologini","Other","Lake Tanganyika","not_applicable","substrate_brooder","benthopelagic","non-piscivore"
"Neolamprologus brevis","Neolamprologus brevis","Neolamprologus","Lamprologini","Other","Lake Tanganyika","not_applicable","substrate_brooder","benthopelagic","non-piscivore"
"Neolamprologus calliurus","Neolamprologus calliurus","Neolamprologus","Lamprologini","Other","Lake Tanganyika","not_applicable","substrate_brooder","benthopelagic","non-piscivore"
"Lamprologus callipterus","Lamprologus callipterus","Lamprologus","Lamprologini","Other","Lake Tanganyika","not_applicable","substrate_brooder","demersal","non-piscivore"
"Lamprologus ocellatus","Lamprologus ocellatus","Lamprologus","Lamprologini","Other","Lake Tanganyika","not_applicable","substrate_brooder","demersal","non-piscivore"
"Lamprologus speciosus","Lamprologus speciosus","Lamprologus","Lamprologini","Other","Lake Tanganyika","not_applicable","substrate_brooder","demersal","non-piscivore"
"Altolamprologus calvus","Altolamprologus calvus","Altolamprologus","Lamprologini","Other","Lake Tanganyika","not_applicable","substrate_brooder","benthopelagic","non-piscivore"
"Altolamprologus compressiceps","Altolamprologus compressiceps","Altolamprologus","Lamprologini","Other","Lake Tanganyika","not_applicable","substrate_brooder","benthopelagic","non-piscivore"
"Lepidiolamprologus mimicus","Lepidiolamprologus mimicus","Lepidiolamprologus","Lamprologini","Other","Lake Tanganyika","not_applicable","substrate_brooder","benthopelagic","piscivore"
"Lepidiolamprologus profundicola","Lepidiolamprologus profundicola","Lepidiolamprologus","Lamprologini","Other","Lake Tanganyika","not_applicable","substrate_brooder","benthopelagic","piscivore"
"Lepidiolamprologus kendalli","Lepidiolamprologus kendalli","Lepidiolamprologus","Lamprologini","Other","Lake Tanganyika","not_applicable","substrate_brooder","benthopelagic","piscivore"
"Lepidiolamprologus nkambae","Lepidiolamprologus nkambae","Lepidiolamprologus","Lamprologini","Other","Lake Tanganyika","not_applicable","substrate_brooder","benthopelagic","piscivore"
"Lepidiolamprologus elongatus","Lepidiolamprologus elongatus","Lepidiolamprologus","Lamprologini","Other","Lake Tanganyika","not_applicable","substrate_brooder","benthopelagic","piscivore"
"Lepidiolamprologus kamambae","Lepidiolamprologus kamambae","Lepidiolamprologus","Lamprologini","Other","Lake Tanganyika","not_applicable","substrate_brooder","pelagic","piscivore"
"Neolamprologus boulengeri","Neolamprologus boulengeri","Neolamprologus","Lamprologini","Other","Lake Tanganyika","not_applicable","substrate_brooder","benthopelagic","non-piscivore"
"Neolamprologus meeli","Neolamprologus meeli","Neolamprologus","Lamprologini","Other","Lake Tanganyika","not_applicable","substrate_brooder","benthopelagic","non-piscivore"
"Lepidiolamprologus attenuatus","Lepidiolamprologus attenuatus","Lepidiolamprologus","Lamprologini","Other","Lake Tanganyika","not_applicable","substrate_brooder","benthopelagic","piscivore"
"Neolamprologus pleuromaculatus","Neolamprologus pleuromaculatus","Neolamprologus","Lamprologini","Other","Lake Tanganyika","not_applicable","substrate_brooder","benthopelagic","non-piscivore"
"Lamprologus lemairii","Lamprologus lemairii","Lamprologus","Lamprologini","Other","Lake Tanganyika","not_applicable","substrate_brooder","demersal","piscivore"
"Neolamprologus leloupi","Neolamprologus leloupi","Neolamprologus","Lamprologini","Other","Lake Tanganyika","not_applicable","substrate_brooder","benthopelagic","non-piscivore"
"Neolamprologus caudopunctatus","Neolamprologus caudopunctatus","Neolamprologus","Lamprologini","Other","Lake Tanganyika","not_applicable","substrate_brooder","benthopelagic","non-piscivore"
"Neolamprologus fasciatus","Neolamprologus fasciatus","Neolamprologus","Lamprologini","Other","Lake Tanganyika","not_applicable","substrate_brooder","benthopelagic","piscivore"
"Neolamprologus multifasciatus","Neolamprologus multifasciatus","Neolamprologus","Lamprologini","Other","Lake Tanganyika","not_applicable","substrate_brooder","benthopelagic","non-piscivore"
"Neolamprologus similis","Neolamprologus similis","Neolamprologus","Lamprologini","Other","Lake Tanganyika","not_applicable","substrate_brooder","benthopelagic","non-piscivore"
"Lamprologus ornatipinnis","Lamprologus ornatipinnis","Lamprologus","Lamprologini","Other","Lake Tanganyika","not_applicable","substrate_brooder","benthopelagic","non-piscivore"
"Neolamprologus ventralis","Neolamprologus ventralis","Neolamprologus","Lamprologini","Other","Lake Tanganyika","not_applicable","substrate_brooder","benthopelagic","non-piscivore"
"Lamprologus kungweensis","Lamprologus kungweensis","Lamprologus","Lamprologini","Other","Lake Tanganyika","not_applicable","substrate_brooder","demersal","non-piscivore"
"Lamprologus laparogramma","Lamprologus laparogramma","Lamprologus","Lamprologini","Other","Lake Tanganyika","not_applicable","substrate_brooder","demersal","non-piscivore"
"Lamprologus signatus","Lamprologus signatus","Lamprologus","Lamprologini","Other","Lake Tanganyika","not_applicable","substrate_brooder","bathydemersal","non-piscivore"
"Bathybates graueri","Bathybates graueri","Bathybates","Bathybatini","Other","Lake Tanganyika","not_applicable","maternal_mouthbrooder","pelagic","piscivore"
"Bathybates minor","Bathybates minor","Bathybates","Bathybatini","Other","Lake Tanganyika","not_applicable","maternal_mouthbrooder","pelagic","piscivore"
"Bathybates fasciatus","Bathybates fasciatus","Bathybates","Bathybatini","Other","Lake Tanganyika","not_applicable","maternal_mouthbrooder","pelagic","piscivore"
"Bathybates hornii","Bathybates hornii","Bathybates","Bathybatini","Other","Lake Tanganyika","not_applicable","maternal_mouthbrooder","pelagic","piscivore"
"Bathybates leo","Bathybates leo","Bathybates","Bathybatini","Other","Lake Tanganyika","not_applicable","maternal_mouthbrooder","pelagic","piscivore"
"Bathybates vittatus","Bathybates vittatus","Bathybates","Bathybatini","Other","Lake Tanganyika","not_applicable","maternal_mouthbrooder","pelagic","piscivore"
"Bathybates ferox","Bathybates ferox","Bathybates","Bathybatini","Other","Lake Tanganyika","not_applicable","maternal_mouthbrooder","pelagic","piscivore"
"Hemibates koningsi","Hemibates koningsi","Hemibates","Bathybatini","Other","Lake Tanganyika","not_applicable","maternal_mouthbrooder","pelagic","piscivore"
"Hemibates stenosoma","Hemibates stenosoma","Hemibates","Bathybatini","Other","Lake Tanganyika","not_applicable","maternal_mouthbrooder","pelagic","piscivore"
"Boulengerochromis microlepis","Boulengerochromis microlepis","Boulengerochromis","Boulengerochromini","Other","Lake Tanganyika","not_applicable","substrate_brooder","pelagic","piscivore"
"Trematocara macrostoma","Trematocara macrostoma","Trematocara","Trematocarini","Other","Lake Tanganyika","not_applicable","maternal_mouthbrooder","benthopelagic","non-piscivore"
"Trematocara nigrifrons","Trematocara nigrifrons","Trematocara","Trematocarini","Other","Lake Tanganyika","not_applicable","maternal_mouthbrooder","benthopelagic","non-piscivore"
"Trematocara zebra","Trematocara zebra","Trematocara","Trematocarini","Other","Lake Tanganyika","not_applicable","maternal_mouthbrooder","demersal","non-piscivore"
"Trematocara caparti","Trematocara caparti","Trematocara","Trematocarini","Other","Lake Tanganyika","not_applicable","maternal_mouthbrooder","benthopelagic","non-piscivore"
"Trematocara stigmaticum","Trematocara stigmaticum","Trematocara","Trematocarini","Other","Lake Tanganyika","not_applicable","maternal_mouthbrooder","benthopelagic","non-piscivore"
"Trematocara marginatum","Trematocara marginatum","Trematocara","Trematocarini","Other","Lake Tanganyika","not_applicable","maternal_mouthbrooder","benthopelagic","non-piscivore"
"Trematocara unimaculatum","Trematocara unimaculatum","Trematocara","Trematocarini","Other","Lake Tanganyika","not_applicable","maternal_mouthbrooder","benthopelagic","non-piscivore"
"Gobiocichla ethelwynnae","Gobiocichla ethelwynnae","Gobiocichla","Gobiocichlini","Other","Riverine","not_applicable","substrate_brooder","demersal","non-piscivore"
"Gobiocichla wonderi","Gobiocichla wonderi","Gobiocichla","Gobiocichlini","Other","Riverine","not_applicable","substrate_brooder","demersal","non-piscivore"
"Steatocranus irvinei","Steatocranus irvinei","Steatocranus","Steatocranini","Other","Riverine","not_applicable","substrate_brooder","demersal","non-piscivore"
"Etia nguti","Etia nguti","Etia","Etiini","Other","Riverine","not_applicable","maternal_mouthbrooder","benthopelagic","non-piscivore"
"Chilochromis duponti","Chilochromis duponti","Chilochromis","Tilapiini","Other","Riverine","not_applicable","substrate_brooder","benthopelagic","non-piscivore"
"Tilapia guinasana","Tilapia guinasana","Tilapia","Tilapiini","Other","Riverine","not_applicable","substrate_brooder","benthopelagic","non-piscivore"
"Tilapia sparrmanii","Tilapia sparrmanii","Tilapia","Tilapiini","Other","Riverine","not_applicable","substrate_brooder","benthopelagic","non-piscivore"
"Steatocranus rouxi","Steatocranus rouxi","Steatocranus","Steatocranini","Other","Riverine","not_applicable","substrate_brooder","demersal","non-piscivore"
"Steatocranus gibbiceps","Steatocranus gibbiceps","Steatocranus","Steatocranini","Other","Riverine","not_applicable","substrate_brooder","demersal","non-piscivore"
"Steatocranus glaber","Steatocranus glaber","Steatocranus","Steatocranini","Other","Riverine","not_applicable","substrate_brooder","demersal","non-piscivore"
"Steatocranus mpozoensis","Steatocranus mpozoensis","Steatocranus","Steatocranini","Other","Riverine","not_applicable","substrate_brooder","demersal","non-piscivore"
"Steatocranus tinanti","Steatocranus tinanti","Steatocranus","Steatocranini","Other","Riverine","not_applicable","substrate_brooder","demersal","non-piscivore"
"Steatocranus casuarius","Steatocranus casuarius","Steatocranus","Steatocranini","Other","Riverine","not_applicable","substrate_brooder","demersal","non-piscivore"
"Steatocranus ubanguiensis","Steatocranus ubanguiensis","Steatocranus","Steatocranini","Other","Riverine","not_applicable","substrate_brooder","demersal","non-piscivore"
"Pelmatolapia mariae","Pelmatolapia mariae","Pelmatolapia","Pelmatolapiini","Other","Riverine","not_applicable","substrate_brooder","demersal","non-piscivore"
"Oreochromis tanganicae","Oreochromis tanganicae","Oreochromis","Oreochromini","Other","Lake Tanganyika","not_applicable","maternal_mouthbrooder","benthopelagic","non-piscivore"
"Alcolapia grahami","Alcolapia grahami","Alcolapia","Oreochromini","Other","Riverine","not_applicable","maternal_mouthbrooder","benthopelagic","non-piscivore"
"Alcolapia alcalica","Alcolapia alcalica","Alcolapia","Oreochromini","Other","Riverine","not_applicable","maternal_mouthbrooder","benthopelagic","non-piscivore"
"Iranocichla hormuzensis","Iranocichla hormuzensis","Iranocichla","Oreochromini","Other","Riverine","not_applicable","maternal_mouthbrooder","benthopelagic","non-piscivore"
"Oreochromis mortimeri","Oreochromis mortimeri","Oreochromis","Oreochromini","Other","Riverine","not_applicable","maternal_mouthbrooder","benthopelagic","non-piscivore"
"Oreochromis shiranus","Oreochromis shiranus","Oreochromis","Oreochromini","Other","Riverine","not_applicable","maternal_mouthbrooder","benthopelagic","non-piscivore"
"Oreochromis malagarasi","Oreochromis malagarasi","Oreochromis","Oreochromini","Other","Riverine","not_applicable","maternal_mouthbrooder","benthopelagic","non-piscivore"
"Oreochromis macrochir","Oreochromis macrochir","Oreochromis","Oreochromini","Other","Riverine","not_applicable","maternal_mouthbrooder","benthopelagic","non-piscivore"
"Oreochromis leucostictus","Oreochromis leucostictus","Oreochromis","Oreochromini","Other","Riverine","not_applicable","maternal_mouthbrooder","benthopelagic","non-piscivore"
"Oreochromis niloticus","Oreochromis niloticus","Oreochromis","Oreochromini","Other","Riverine","not_applicable","maternal_mouthbrooder","benthopelagic","non-piscivore"
"Sarotherodon galilaeus","Sarotherodon galilaeus","Sarotherodon","Oreochromini","Other","Riverine","not_applicable","biparental_mouthbrooder","demersal","non-piscivore"
"Pungu maclareni","Pungu maclareni","Pungu","Oreochromini","Other","Riverine","not_applicable","biparental_mouthbrooder","demersal","non-piscivore"
"Sarotherodon linnellii","Sarotherodon linnellii","Sarotherodon","Oreochromini","Other","Riverine","not_applicable","biparental_mouthbrooder","demersal","non-piscivore"
"Sarotherodon melanotheron","Sarotherodon melanotheron","Sarotherodon","Oreochromini","Other","Riverine","not_applicable","paternal_mouthbrooder","demersal","non-piscivore"
"Tylochromis labrodon","Tylochromis labrodon","Tylochromis","Tylochromini","Other","Riverine","not_applicable","maternal_mouthbrooder","benthopelagic","non-piscivore"
"Tylochromis sudanensis","Tylochromis sudanensis","Tylochromis","Tylochromini","Other","Riverine","not_applicable","maternal_mouthbrooder","benthopelagic","non-piscivore"
"Tylochromis praecox","Tylochromis praecox","Tylochromis","Tylochromini","Other","Riverine","not_applicable","maternal_mouthbrooder","benthopelagic","non-piscivore"
"Tylochromis robertsi","Tylochromis robertsi","Tylochromis","Tylochromini","Other","Riverine","not_applicable","maternal_mouthbrooder","benthopelagic","non-piscivore"
"Tylochromis lateralis","Tylochromis lateralis","Tylochromis","Tylochromini","Other","Riverine","not_applicable","maternal_mouthbrooder","benthopelagic","non-piscivore"
"Tylochromis variabilis","Tylochromis variabilis","Tylochromis","Tylochromini","Other","Riverine","not_applicable","maternal_mouthbrooder","benthopelagic","non-piscivore"
"Tylochromis bangwelensis","Tylochromis bangwelensis","Tylochromis","Tylochromini","Other","Riverine","not_applicable","maternal_mouthbrooder","benthopelagic","non-piscivore"
"Tylochromis polylepis","Tylochromis polylepis","Tylochromis","Tylochromini","Other","Lake Tanganyika","not_applicable","maternal_mouthbrooder","demersal","non-piscivore"
"Tylochromis leonensis","Tylochromis leonensis","Tylochromis","Tylochromini","Other","Riverine","not_applicable","maternal_mouthbrooder","benthopelagic","non-piscivore"
"Tylochromis jentinki","Tylochromis jentinki","Tylochromis","Tylochromini","Other","Riverine","not_applicable","maternal_mouthbrooder","benthopelagic","non-piscivore"
"Heterochromis multidens","Heterochromis multidens","Heterochromis","Heterochromini","Other","Riverine","not_applicable","substrate_brooder","benthopelagic","non-piscivore"
